{"cameraMode":{"drawMode":0,"name":"Shaded","section":"Shading Mode"},"sceneLighting":false,"audioPlay":false,"sceneViewState":{"m_AlwaysRefresh":false,"showFog":true,"showSkybox":false,"showFlares":true,"showImageEffects":true,"showParticleSystems":true,"showVisualEffectGraphs":true,"m_FxEnabled":true},"in2DMode":false,"pivot":{"x":0.303629606962204,"y":3.1166577339172365,"z":-1.3570019006729127},"rotation":{"x":0.2472647726535797,"y":-0.017439471557736398,"z":0.0044514271430671219,"w":0.9687751531600952},"size":11.215929985046387,"orthographic":false}