{"cameraMode":{"drawMode":0,"name":"Shaded","section":"Shading Mode"},"sceneLighting":true,"audioPlay":false,"sceneViewState":{"m_AlwaysRefresh":false,"showFog":true,"showSkybox":true,"showFlares":true,"showImageEffects":true,"showParticleSystems":true,"showVisualEffectGraphs":true,"m_FxEnabled":true},"in2DMode":false,"pivot":{"x":21.732894897460939,"y":43.84636688232422,"z":-14.65660572052002},"rotation":{"x":0.47260984778404238,"y":0.01189514622092247,"z":-0.006373097188770771,"w":0.8811488151550293},"size":12.12435531616211,"orthographic":false}