{"cameraMode":{"drawMode":0,"name":"Shaded","section":"Shading Mode"},"sceneLighting":false,"audioPlay":false,"sceneViewState":{"m_AlwaysRefresh":false,"showFog":true,"showSkybox":false,"showFlares":true,"showImageEffects":true,"showParticleSystems":true,"showVisualEffectGraphs":true,"m_FxEnabled":true},"in2DMode":false,"pivot":{"x":0.5162979960441589,"y":1.3405437469482422,"z":-3.8208906650543215},"rotation":{"x":0.07367423921823502,"y":-0.04187649115920067,"z":0.003104038070887327,"w":0.9963808655738831},"size":4.1575422286987309,"orthographic":false}