{"cameraMode":{"drawMode":0,"name":"Shaded","section":"Shading Mode"},"sceneLighting":false,"audioPlay":false,"sceneViewState":{"m_AlwaysRefresh":false,"showFog":true,"showSkybox":false,"showFlares":true,"showImageEffects":true,"showParticleSystems":true,"showVisualEffectGraphs":true,"m_FxEnabled":true},"in2DMode":false,"pivot":{"x":16.274003982543947,"y":6.323525428771973,"z":41.34721374511719},"rotation":{"x":-0.032684825360774997,"y":0.004493031185120344,"z":0.00014722443302161992,"w":0.9994460344314575},"size":13.218088150024414,"orthographic":false}