{"cameraMode":{"drawMode":0,"name":"Shaded","section":"Shading Mode"},"sceneLighting":false,"audioPlay":false,"sceneViewState":{"m_AlwaysRefresh":false,"showFog":true,"showSkybox":false,"showFlares":true,"showImageEffects":true,"showParticleSystems":true,"showVisualEffectGraphs":true,"m_FxEnabled":true},"in2DMode":false,"pivot":{"x":15.936897277832032,"y":-1.320440649986267,"z":31.567642211914064},"rotation":{"x":0.5423950552940369,"y":0.006297161336988211,"z":-0.004065199755132198,"w":0.8400801420211792},"size":7.794228553771973,"orthographic":false}